<?xml version="1.0" encoding="utf-8" ?>
<file name="_ALog.xml">
<summary>File generated by Guardian's Automation Manager</summary>
<namespace name="root">
	<namespace name="Ball">
		<method name="GetNextPositionX" args="0"/>
		<method name="GetNextPositionY" args="0"/>
		<method name="GetPositionX" args="0"/>
		<method name="GetPositionY" args="0"/>
		<method name="GetVelocityX" args="0"/>
		<method name="GetVelocityY" args="0"/>
	</namespace>
	<namespace name="Brain">
		<method name="FlushRadio" args="0"/>
		<namespace name="Button1">
			<method name="Caption" args="1"/>
		</namespace>
		<namespace name="Button2">
			<method name="Caption" args="1"/>
		</namespace>
		<namespace name="Button3">
			<method name="Caption" args="1"/>
		</namespace>
		<namespace name="Button4">
			<method name="Caption" args="1"/>
		</namespace>
	</namespace>
	<namespace name="Clock">
		<method name="GetFrameTime" args="0"/>
		<method name="GetTime" args="0"/>
	</namespace>
	<namespace name="Enemy1">
		<method name="GetAngle" args="0"/>
		<method name="GetNextPositionX" args="0"/>
		<method name="GetNextPositionY" args="0"/>
		<method name="GetObstacleID" args="0"/>
		<method name="GetPositionX" args="0"/>
		<method name="GetPositionY" args="0"/>
		<method name="GetSensorReading" args="3"/>
		<method name="GetVelocityX" args="0"/>
		<method name="GetVelocityY" args="0"/>
		<method name="MoveTo" args="2"/>
		<method name="Rotate" args="1"/>
		<method name="SetVelocity" args="2"/>
		<method name="Stop" args="0"/>
	</namespace>
	<namespace name="Enemy2">
		<method name="GetAngle" args="0"/>
		<method name="GetNextPositionX" args="0"/>
		<method name="GetNextPositionY" args="0"/>
		<method name="GetObstacleID" args="0"/>
		<method name="GetPositionX" args="0"/>
		<method name="GetPositionY" args="0"/>
		<method name="GetSensorReading" args="3"/>
		<method name="GetVelocityX" args="0"/>
		<method name="GetVelocityY" args="0"/>
		<method name="MoveTo" args="2"/>
		<method name="Rotate" args="1"/>
		<method name="SetVelocity" args="2"/>
		<method name="Stop" args="0"/>
	</namespace>
	<namespace name="Enemy3">
		<method name="GetAngle" args="0"/>
		<method name="GetNextPositionX" args="0"/>
		<method name="GetNextPositionY" args="0"/>
		<method name="GetObstacleID" args="0"/>
		<method name="GetPositionX" args="0"/>
		<method name="GetPositionY" args="0"/>
		<method name="GetSensorReading" args="3"/>
		<method name="GetVelocityX" args="0"/>
		<method name="GetVelocityY" args="0"/>
		<method name="MoveTo" args="2"/>
		<method name="Rotate" args="1"/>
		<method name="SetVelocity" args="2"/>
		<method name="Stop" args="0"/>
	</namespace>
	<namespace name="LogDialog">
		<method name="NumberOut" args="-1"/>
		<method name="TextOut" args="1"/>
	</namespace>
	<namespace name="Math">
		<method name="Abs" args="1"/>
		<method name="Atan" args="1"/>
		<method name="Ceiling" args="1"/>
		<method name="Cos" args="1"/>
		<method name="Exp" args="1"/>
		<method name="Floor" args="1"/>
		<method name="Ln" args="1"/>
		<method name="Log" args="1"/>
		<method name="Pi" args="0"/>
		<method name="Pow" args="2"/>
		<method name="Rand" args="1"/>
		<method name="Seed" args="0"/>
		<method name="Sin" args="1"/>
		<method name="Sqrt" args="1"/>
		<method name="Tan" args="1"/>
		<method name="VecAngle" args="2"/>
		<method name="VecDistance" args="4"/>
		<method name="VecDotProduct" args="4"/>
		<method name="VecGetCalcX" args="0"/>
		<method name="VecGetCalcY" args="0"/>
		<method name="VecMagnitude" args="2"/>
		<method name="VecNormalize" args="2"/>
		<method name="VecRotate" args="3"/>
		<method name="e" args="0"/>
	</namespace>
	<namespace name="Robot1">
		<method name="GetAngle" args="0"/>
		<method name="GetObstacleID" args="0"/>
		<method name="GetPositionX" args="0"/>
		<method name="GetPositionY" args="0"/>
		<method name="GetSensorReading" args="3"/>
		<method name="GetVelocityX" args="0"/>
		<method name="GetVelocityY" args="0"/>
		<method name="MoveTo" args="2"/>
		<method name="Rotate" args="1"/>
		<method name="SetVelocity" args="2"/>
		<method name="Stop" args="0"/>
	</namespace>
	<namespace name="Robot2">
		<method name="GetAngle" args="0"/>
		<method name="GetObstacleID" args="0"/>
		<method name="GetPositionX" args="0"/>
		<method name="GetPositionY" args="0"/>
		<method name="GetSensorReading" args="3"/>
		<method name="GetVelocityX" args="0"/>
		<method name="GetVelocityY" args="0"/>
		<method name="MoveTo" args="2"/>
		<method name="Rotate" args="1"/>
		<method name="SetVelocity" args="2"/>
		<method name="Stop" args="0"/>
	</namespace>
	<namespace name="Robot3">
		<method name="GetAngle" args="0"/>
		<method name="GetObstacleID" args="0"/>
		<method name="GetPositionX" args="0"/>
		<method name="GetPositionY" args="0"/>
		<method name="GetSensorReading" args="3"/>
		<method name="GetVelocityX" args="0"/>
		<method name="GetVelocityY" args="0"/>
		<method name="MoveTo" args="2"/>
		<method name="Rotate" args="1"/>
		<method name="SetVelocity" args="2"/>
		<method name="Stop" args="0"/>
	</namespace>
</namespace>
</file>