<?xml version="1.0"?>
<qutaphonyteconfig version="0.2">
  <variable name="&amp;Brain Dialog" type="matrix" rows="1" columns="2">544 67 

</variable>
  <variable name="&amp;Brain Dialog Visible" type="int" value="1"/>
  <variable name="&amp;Hardware Config Dialog" type="matrix" rows="1" columns="2">100 100 

</variable>
  <variable name="&amp;Hardware Config Dialog Visible" type="int" value="1"/>
  <variable name="&amp;Log Dialog" type="matrix" rows="1" columns="2">484 565 

</variable>
  <variable name="&amp;Log Dialog Visible" type="int" value="1"/>
  <variable name="Brain Script0" type="string" value="kickoff_zieloni (J:\Dydaktyka\msi\RCS\kickoff_zieloni.qscript)"/>
  <variable name="Brain Script1" type="string" value="braitenberg3_roboty (D:\doktorat\cd-rom\Software\Qscript\braitenberg3_roboty.qscript)"/>
  <variable name="Brain Script2" type="string" value="kickoff_zieloni (D:\doktorat\cd-rom\Software\Qscript\kickoff_zieloni.qscript)"/>
  <variable name="Brain Script3" type="string" value="sensor_zieloni_on (D:\doktorat\cd-rom\Software\Qscript\sensor_zieloni_on.qscript)"/>
  <variable name="Brain Script4" type="string" value="logowanie (D:\doktorat\cd-rom\Software\Qscript\logowanie.qscript)"/>
  <variable name="Brain Script5" type="string" value="gra_zieloni (D:\doktorat\cd-rom\Software\Qscript\gra_zieloni.qscript)"/>
  <variable name="Brain Scripts Count" type="int" value="0"/>
  <variable name="Bunch of Teddy's Buckets Dialog" type="matrix" rows="1" columns="2">100 100 

</variable>
  <variable name="Bunch of Teddy's Buckets Dialog Visible" type="int" value="1"/>
  <variable name="Color Conf0" type="matrix" rows="1" columns="6">910 0 0 192 192 192 

</variable>
  <variable name="Color Conf1" type="matrix" rows="1" columns="6">910 0 0 192 192 192 

</variable>
  <variable name="Color Conf10" type="matrix" rows="1" columns="6">910 0 0 192 192 192 

</variable>
  <variable name="Color Conf11" type="matrix" rows="1" columns="6">910 0 0 192 192 192 

</variable>
  <variable name="Color Conf12" type="matrix" rows="1" columns="6">910 0 0 192 192 192 

</variable>
  <variable name="Color Conf2" type="matrix" rows="1" columns="6">910 0 0 192 192 192 

</variable>
  <variable name="Color Conf3" type="matrix" rows="1" columns="6">910 0 0 192 192 192 

</variable>
  <variable name="Color Conf4" type="matrix" rows="1" columns="6">910 0 0 192 192 192 

</variable>
  <variable name="Color Conf5" type="matrix" rows="1" columns="6">910 0 0 192 192 192 

</variable>
  <variable name="Color Conf6" type="matrix" rows="1" columns="6">910 0 0 192 192 192 

</variable>
  <variable name="Color Conf7" type="matrix" rows="1" columns="6">910 0 0 192 192 192 

</variable>
  <variable name="Color Conf8" type="matrix" rows="1" columns="6">910 0 0 192 192 192 

</variable>
  <variable name="Color Conf9" type="matrix" rows="1" columns="6">910 0 0 192 192 192 

</variable>
  <variable name="Debug View Dialog" type="matrix" rows="1" columns="2">100 100 

</variable>
  <variable name="Debug View Dialog Visible" type="int" value="1"/>
  <variable name="Enemy Script0" type="string" value="kickoff_czerwoni (J:\Dydaktyka\msi\RCS\kickoff_czerwoni.qscript)"/>
  <variable name="Enemy Script1" type="string" value="braitenberg3_roboty_wolny (D:\Projekty\roboty\soccer\qscript_prezentacja\braitenberg3_roboty_wolny.qscript)"/>
  <variable name="Enemy Script2" type="string" value="kickoff_red (D:\Projekty\roboty\soccer\qscript_prezentacja\kickoff_red.qscript)"/>
  <variable name="Enemy Script3" type="string" value="sensor_czerwoni_on (D:\doktorat\cd-rom\Software\Qscript\sensor_czerwoni_on.qscript)"/>
  <variable name="Enemy Script4" type="string" value="braitenberg3_roboty_s (D:\doktorat\cd-rom\Software\Qscript\braitenberg3_roboty_s.qscript)"/>
  <variable name="Enemy Scripts Count" type="int" value="0"/>
  <variable name="FieldCorner0" type="matrix" rows="1" columns="2">10 10 

</variable>
  <variable name="FieldCorner1" type="matrix" rows="1" columns="2">100 10 

</variable>
  <variable name="FieldCorner2" type="matrix" rows="1" columns="2">100 100 

</variable>
  <variable name="FieldCorner3" type="matrix" rows="1" columns="2">10 100 

</variable>
  <variable name="Grabber_Height" type="int" value="480"/>
  <variable name="Grabber_Width" type="int" value="640"/>
  <variable name="HThreshold" type="int" value="50"/>
  <variable name="Manual Control" type="matrix" rows="1" columns="2">100 100 

</variable>
  <variable name="Manual Control Visible" type="int" value="0"/>
  <variable name="Real &amp;Grabber Dialog" type="matrix" rows="1" columns="2">100 100 

</variable>
  <variable name="Real &amp;Grabber Dialog Visible" type="int" value="1"/>
  <variable name="Real &amp;Transmitter Dialog" type="matrix" rows="1" columns="2">100 100 

</variable>
  <variable name="Real &amp;Transmitter Dialog Visible" type="int" value="1"/>
  <variable name="SThreshold" type="int" value="50"/>
  <variable name="Virtual &amp;Field Dialog" type="matrix" rows="1" columns="2">915 442 

</variable>
  <variable name="Virtual &amp;Field Dialog Visible" type="int" value="1"/>
  <variable name="Virtual &amp;Grabber Dialog" type="matrix" rows="1" columns="2">913 67 

</variable>
  <variable name="Virtual &amp;Grabber Dialog Visible" type="int" value="1"/>
  <variable name="Virtual &amp;Transmitter Dialog" type="matrix" rows="1" columns="2">442 222 

</variable>
  <variable name="Virtual &amp;Transmitter Dialog Visible" type="int" value="0"/>
  <variable name="bLoggingBinaryPacketData" type="int" value="0"/>
  <variable name="bUseQRPPackage" type="int" value="0"/>
  <variable name="nCoverTypeEnemy" type="int" value="0"/>
  <variable name="nCoverTypeFriend" type="int" value="0"/>
</qutaphonyteconfig>
